profile	0min	2min	4min	8min	16min	32min	64min	128min
K.n[305.21]AAASGQPRPEMQC[160.03]PAEHEEDMY[243.03]RAADEIEK[432.30].E	inactive	activation	inactive	inactive	inactive	inactive	inactive	inactive
K.n[305.21]AALGLQDS[167.00]DDEDAAVDIDEQIESMFNSK[432.30].K	inactive	inactive	inactive	inactive	inactive	inactive	inactive	inactive
K.n[305.21]AALLK[432.30]AS[167.00]PK[432.30].K	inactive	inactive	inhibition	inactive	inactive	inactive	inactive	inactive
K.n[305.21]ALVSSESY[243.03]LQR.L	inactive	activation	inhibition	inactive	inactive	inactive	inactive	inactive
K.n[305.21]ATNES[167.00]EDEIPQLVPIGK[432.30].K	inactive	inactive	activation	inhibition	inactive	inactive	inactive	inactive
K.n[305.21]AVC[160.03]STY[243.03]LQSR.Y	inactive	inhibition	inactive	inhibition	inactive	inactive	inactive	inactive
K.n[305.21]AVDGY[243.03]VK[432.30]PQIK[432.30].Q	inactive	activation	inactive	activation	activation	inactive	inhibition	inactive
K.n[305.21]AY[243.03]HEQLSVAEITNAC[160.03]FEPANQMVK[432.30].C	inactive	activation	inhibition	inactive	inactive	inactive	inactive	inactive
K.n[305.21]DASSQDC[160.03]Y[243.03]DIPR.A	inactive	activation	inactive	inactive	inactive	inactive	inactive	inactive
K.n[305.21]DDSHSAEDS[167.00]EDEK[432.30]EDHK[432.30].N	inactive	inactive	inactive	inactive	inhibition	inactive	inactive	inactive
K.n[305.21]DLDEEGS[167.00]EK[432.30]ELHENVLDK[432.30].E	inactive	inactive	inhibition	inactive	inactive	inactive	inactive	inactive
K.n[305.21]DLFDLNS[167.00]S[167.00]EEDDTEGFSER.G	inactive	inhibition	inactive	inactive	inactive	inactive	inactive	inactive
K.n[305.21]DPNSATATAPPS[167.00]PLK[432.30]R.R	inactive	inactive	inhibition	inactive	inactive	inactive	inactive	inactive
K.n[305.21]EADDDEEVDDNIPEMPS[167.00]PK[432.30].K	inactive	inactive	activation	inhibition	inactive	inactive	inactive	inactive
K.n[305.21]EADPSNFANFSAY[243.03]PSEEDMIEWAK[432.30].R	inactive	activation	inactive	inactive	inactive	inactive	inactive	inactive
K.n[305.21]EAPAEGEAAEPGS[167.00]PTAAEGEAASAASSTSSPK[432.30].A	inactive	inactive	inactive	inactive	inactive	activation	activation	activation
K.n[305.21]EEGSLSDTEADAVS[167.00]GQLPDPTTNPSAGK[432.30].D	inactive	inactive	activation	inhibition	inactive	inactive	inactive	inactive
K.n[305.21]EGIQWEAK[432.30]EDNS[167.00]EGEEILEEVGGDLEEEDDHHMEFC[160.03]R.V	inactive	inactive	inhibition	inactive	inhibition	inactive	inactive	inactive
K.n[305.21]ELEDLLS[167.00]PLEELVK[432.30].E	inactive	inactive	inactive	inactive	inactive	inactive	activation	activation
K.n[305.21]EQIS[167.00]DIDDAVR.K	inactive	inactive	activation	inactive	inactive	inactive	inactive	inactive
K.n[305.21]ESVPEFPLS[167.00]PPK[432.30].K	inactive	inactive	inactive	inactive	inactive	inactive	inactive	activation
K.n[305.21]EVSY[243.03]NWDPK[432.30].D	inactive	activation	inhibition	inactive	inactive	inactive	inactive	inactive
K.n[305.21]EVYELLDS[167.00]PGK[432.30].V	inactive	inactive	inactive	inactive	inactive	inactive	inhibition	inactive
K.n[305.21]EY[243.03]HAEGGK[432.30]VPIK[432.30].W	inactive	inactive	inactive	activation	activation	inactive	inactive	inactive
K.n[305.21]GAY[243.03]SLSIR.D	inactive	inhibition	inactive	inactive	inactive	inactive	inactive	inactive
K.n[305.21]GDMS[167.00]DEDDENEFFDAPEIITMPENLGHK[432.30]R.T	inactive	inactive	inactive	inactive	inactive	inhibition	inactive	inactive
K.n[305.21]GEPAAAAAPEAGAS[167.00]PVEK[432.30].E	inactive	inactive	inactive	inactive	inactive	inactive	inactive	activation
K.n[305.21]GGNLPPVS[167.00]PNDSGAK[432.30].L	inactive	inactive	inactive	inactive	inactive	inactive	inactive	activation
K.n[305.21]GHEY[243.03]TNIK[432.30].Y	inactive	activation	inactive	activation	inactive	inactive	inactive	inactive
K.n[305.21]GK[432.30]LEAIIT[181.01]PPPAK[432.30]K[432.30].A	inactive	inactive	inhibition	inactive	inactive	inactive	inactive	inactive
K.n[305.21]GPPQS[167.00]PVFEGVYNNSR.M	inactive	inactive	inactive	inactive	inactive	inactive	activation	activation
K.n[305.21]GSHQISLDNPDY[243.03]QQDFFPK[432.30].E	inactive	activation	inhibition	inactive	inactive	inactive	inactive	inactive
K.n[305.21]GSSGGY[243.03]GSGGAALQPK[432.30].G	inactive	inactive	inactive	activation	inactive	inactive	inactive	inactive
K.n[305.21]GSTAENAEY[243.03]LR.V	inactive	activation	inactive	inactive	inactive	inactive	inactive	inactive
K.n[305.21]GSVADY[243.03]GNLMENQDLLGSPTPPPPPPHQR.H	inactive	activation	inactive	inactive	inactive	inactive	inactive	inactive
K.n[305.21]HAS[167.00]PILPITEFSDIPR.R	inactive	inactive	inactive	inactive	inactive	inactive	inhibition	inactive
K.n[305.21]HPDIY[243.03]AVPIK[432.30].T	inactive	inhibition	inactive	inactive	inactive	inactive	inactive	inactive
K.n[305.21]HQVLLEDPEQEGS[167.00]AEEEELGVLPC[160.03]PSTSLDGENR.G	inactive	inactive	activation	inactive	inactive	inactive	inactive	inactive
K.n[305.21]HRPS[167.00]EADEEELAR.R	inactive	inactive	inactive	activation	inactive	inactive	inactive	inactive
K.n[305.21]IGEGT[181.01]YGVVYK[432.30].G	inactive	inhibition	inhibition	inactive	inactive	inactive	inactive	inactive
K.n[305.21]IGEGTY[243.03]GTVFK[432.30].A	inactive	inhibition	inactive	inactive	inactive	inactive	inactive	inactive
K.n[305.21]IGEGTY[243.03]GVVYK[432.30].G	inactive	inhibition	inhibition	inactive	inactive	inactive	inactive	inactive
K.n[305.21]IGTAEPDY[243.03]GALYEGR.N	inactive	activation	inactive	inactive	inactive	inactive	inactive	inactive
K.n[305.21]IIPGSEVK[432.30]REEPEALY[243.03]AAVNK[432.30].K	inactive	activation	inhibition	inactive	inactive	inactive	inactive	inactive
K.n[305.21]IK[432.30]PSSSANAIY[243.03]SLAARPLPVPK[432.30].L	inactive	activation	inhibition	inactive	inactive	inactive	inactive	inactive
K.n[305.21]IQNTGDY[243.03]YDLYGGEK[432.30].F	inactive	inactive	inactive	inactive	inactive	inactive	inactive	activation
K.n[305.21]K[432.30]AEPSEVDMNS[167.00]PK[432.30].S	inactive	inactive	inhibition	inactive	inactive	inactive	inactive	inactive
K.n[305.21]K[432.30]EES[167.00]EES[167.00]DDDMGFGLFD.-	inactive	inactive	inactive	inactive	inactive	inactive	inactive	activation
K.n[305.21]K[432.30]K[432.30]AEPSEVDMNS[167.00]PK[432.30].S	inactive	inactive	inhibition	inactive	inactive	inactive	inactive	inactive
K.n[305.21]K[432.30]K[432.30]EEPSQNDIS[167.00]PK[432.30].T	inactive	inactive	inhibition	inactive	inactive	inactive	inactive	inactive
K.n[305.21]K[432.30]NQK[432.30]PSQVNGAPGS[167.00]PTEPAGQK[432.30].Q	inactive	inactive	inhibition	inactive	inactive	inactive	inactive	inactive
K.n[305.21]K[432.30]QEY[243.03]LEVQR.Q	inactive	inactive	inactive	activation	inactive	inactive	inactive	inactive
K.n[305.21]K[432.30]VVVS[167.00]PTK[432.30].K	inactive	inactive	inhibition	inactive	inactive	inactive	inactive	inactive
K.n[305.21]LINSSQLLYQEY[243.03]SDVVLNK[432.30].E	inactive	activation	inactive	inactive	inactive	inactive	inactive	inactive
K.n[305.21]LNDPFQPFPGNDS[167.00]PK[432.30].E	inactive	inactive	inactive	inactive	inactive	inactive	inactive	inactive
K.n[305.21]LQLDNQY[243.03]AVLENQK[432.30].S	inactive	activation	inhibition	inactive	inactive	inactive	inactive	inactive
K.n[305.21]LSGAVLFEDGGAS[167.00]ER.E	inactive	inactive	inhibition	inactive	inactive	inactive	inactive	inhibition
K.n[305.21]LTVENS[167.00]PK[432.30]QEAGISEGQGTAGEEEEK[432.30].K	inactive	inactive	inhibition	inactive	inactive	inactive	inactive	inactive
K.n[305.21]MVY[243.03]SINLT[181.01]SR.R	inactive	inhibition	inactive	inactive	inactive	inactive	inactive	inhibition
K.n[305.21]NC[160.03]PPS[167.00]PLPLISK[432.30].Q	inactive	inactive	inactive	inactive	inactive	inactive	inactive	inactive
K.n[305.21]NGFPHPEPDC[160.03]NPSEAASEES[167.00]NS[167.00]EIEQEIPVEQK[432.30].E	inactive	inactive	activation	inhibition	inactive	inactive	inactive	inactive
K.n[305.21]NIVHNY[243.03]SEAEIK[432.30].V	inactive	inactive	inactive	activation	inactive	inactive	inactive	inactive
K.n[305.21]NMTVEQLLTGSPT[181.01]SPTVEPEK[432.30]PTR.E	inactive	inactive	inactive	inactive	inactive	activation	inactive	inactive
K.n[305.21]NSFNNPAY[243.03]YVLEGVPHQLLPPEPPSPAR.A	inactive	activation	activation	inactive	inactive	inactive	inactive	inactive
K.n[305.21]NYGSY[243.03]STQASAAAATAELLK[432.30].K	inactive	activation	inactive	inactive	inactive	inactive	inactive	inactive
K.n[305.21]QK[432.30]FNDS[167.00]EGDDTEETEDYR.Q	inactive	inactive	inactive	inactive	inactive	inactive	activation	inactive
K.n[305.21]QK[432.30]FNDS[167.00]EGDDTEETEDYRQFR.K	inactive	inactive	inhibition	inactive	inactive	inactive	inactive	inactive
K.n[305.21]QLVAGNS[167.00]PK[432.30]K[432.30].Q	inactive	inactive	inhibition	inactive	inactive	inactive	inactive	inactive
K.n[305.21]QMPPPPPC[160.03]PGRELFDDPSY[243.03]VNVQNLDK[432.30].A	inactive	activation	inactive	activation	inactive	inactive	inactive	inactive
K.n[305.21]QPEK[432.30]EEEEEAGES[167.00]VEDIFSEVVGR.K	inactive	inactive	inhibition	inactive	inhibition	inactive	inhibition	inactive
K.n[305.21]QQLPQT[181.01]PPSC[160.03]LK[432.30].T	inactive	inactive	inactive	inactive	activation	inactive	inactive	inactive
K.n[305.21]QY[243.03]LRNPPK[432.30].L	inactive	activation	inactive	inactive	inactive	inactive	inactive	inactive
K.n[305.21]REEPEALY[243.03]AAVNK[432.30].K	inactive	activation	inactive	inactive	inactive	inactive	inactive	inactive
K.n[305.21]RPLFLAPDFDRWLDES[167.00]DAEMELR.A	inactive	inactive	activation	inactive	inactive	inactive	inactive	inactive
K.n[305.21]RVPC[160.03]AY[243.03]DK[432.30].T	inactive	activation	inhibition	inactive	inactive	inactive	inactive	inactive
K.n[305.21]S[167.00]NQIPTEVR.S	inactive	inactive	inactive	inactive	activation	inactive	inactive	inactive
K.n[305.21]SELPY[243.03]EELWLEEGK[432.30]PSHQPLTR.S	inactive	activation	inactive	inactive	activation	inactive	inactive	inactive
K.n[305.21]SEPHS[167.00]PGIPEIFR.T	inactive	inactive	inactive	activation	activation	activation	inactive	inactive
K.n[305.21]SFLDSGY[243.03]R.L	inactive	inhibition	inactive	inactive	inhibition	inactive	inactive	inactive
K.n[305.21]SK[432.30]LDWES[167.00]FK[432.30]EEEGIGEELAIHNR.G	inactive	inactive	inhibition	inactive	inactive	inactive	inactive	inactive
K.n[305.21]SK[432.30]PIPIMPAS[167.00]PQK[432.30].G	inactive	inactive	inhibition	inactive	inactive	inactive	inactive	inactive
K.n[305.21]SLY[243.03]PSSEIQLNNK[432.30].V	inactive	inactive	inactive	activation	inactive	inactive	inactive	inactive
K.n[305.21]SSGSGSSVADERVDY[243.03]VVVDQQK[432.30].T	inactive	activation	inhibition	inactive	inactive	inactive	inactive	inactive
K.n[305.21]SSQQPST[181.01]PQQAPPGQPQQGTFVAHK[432.30].E	inactive	inactive	inactive	inhibition	inactive	inhibition	inhibition	inactive
K.n[305.21]STTNY[243.03]VDFYSTK[432.30].R	inactive	inactive	inhibition	inactive	inactive	inactive	inactive	inactive
K.n[305.21]STY[243.03]TSYPK[432.30].A	inactive	inactive	inactive	activation	inactive	inactive	inactive	inactive
K.n[305.21]STYTSY[243.03]PK[432.30].A	inactive	inactive	inactive	activation	inactive	inactive	inactive	inactive
K.n[305.21]SVTDY[243.03]AQQNPAAQIPAR.Q	inactive	activation	inactive	inhibition	inactive	inactive	inactive	inactive
K.n[305.21]SWSSY[243.03]FSLPNPFR.S	inactive	activation	inhibition	inactive	inactive	inactive	inactive	inactive
K.n[305.21]TIEAAEALLHMES[167.00]PTC[160.03]LR.D	inactive	inactive	inactive	inactive	inactive	activation	inactive	inactive
K.n[305.21]TK[432.30]PTQAAGPSS[167.00]PQK[432.30]PPT[181.01]PEETK[432.30].A	inactive	inactive	inhibition	inactive	inactive	inactive	inactive	inactive
K.n[305.21]TK[432.30]PTQAAGPSS[167.00]PQK[432.30]PPTPEETK[432.30].A	inactive	inactive	inhibition	inactive	inactive	inactive	inactive	inactive
K.n[305.21]TLEPVK[432.30]PPTVPNDY[243.03]MTSPAR.L	inactive	inactive	inhibition	inactive	inactive	inactive	inactive	inactive
K.n[305.21]TLSEVDY[243.03]APAGPAR.S	inactive	activation	inhibition	inhibition	inactive	inactive	inactive	inactive
K.n[305.21]TMFAQVES[167.00]DDEEAK[432.30]NEPEWK[432.30].K	inactive	inactive	inhibition	inactive	inactive	inactive	inactive	inactive
K.n[305.21]TPPPYSVY[243.03]ER.T	inactive	activation	inactive	inactive	inactive	inactive	inactive	inactive
K.n[305.21]TSSGDPPS[167.00]PLVK[432.30].Q	inactive	inactive	inactive	inactive	inactive	activation	inactive	inactive
K.n[305.21]TVC[160.03]STY[243.03]LQSR.Y	inactive	inactive	inactive	inactive	inactive	inactive	inactive	inhibition
K.n[305.21]TVTY[243.03]EDPQAVGGLASALDNR.K	inactive	inactive	activation	inhibition	inactive	inactive	inactive	inactive
K.n[305.21]TVTY[243.03]EDPQAVGGLASALDNRK[432.30].Q	inactive	inactive	activation	inactive	inactive	inactive	inactive	inactive
K.n[305.21]TY[243.03]IDPETYEDPNR.A	inactive	inhibition	inactive	inhibition	inactive	inactive	inactive	inactive
K.n[305.21]VAAETQS[167.00]PSLFGSTK[432.30].L	inactive	inactive	inactive	inactive	inactive	inactive	inactive	inactive
K.n[305.21]VDTTLSDS[167.00]YNYSGTENLK[432.30].D	inactive	inactive	inactive	activation	inactive	inactive	inactive	inactive
K.n[305.21]VENMSSNQDGNDS[167.00]DEFM.-	inactive	inactive	activation	inactive	inactive	inactive	inactive	inactive
K.n[305.21]VIY[243.03]DFIEK[432.30].T	inactive	inactive	inhibition	inactive	inactive	inhibition	inhibition	inactive
K.n[305.21]VLLPEY[243.03]GGTK[432.30].V	inactive	inhibition	inactive	inhibition	inactive	inactive	inactive	inactive
K.n[305.21]VNGDAS[167.00]PAAAESGAK[432.30]EELQANGSAPAADK[432.30]EEPAAAGSGAASPSAAEK[432.30].G	inactive	inactive	inhibition	activation	inactive	inactive	inactive	inactive
K.n[305.21]VVDYSQFQES[167.00]DDADEDYGR.D	inactive	inactive	activation	inhibition	inactive	inactive	inactive	inactive
K.n[305.21]VYEDSGIPLPAES[167.00]PK[432.30].K	inactive	inhibition	inactive	inactive	inactive	inactive	inactive	inactive
K.n[305.21]Y[243.03]AFVNWINK[432.30].A	inactive	inhibition	inactive	inactive	inactive	inactive	inactive	inactive
K.n[305.21]Y[243.03]ATPQVIQAPGPR.A	inactive	inactive	activation	inhibition	inactive	inhibition	inactive	inhibition
K.n[305.21]Y[243.03]QYGGLNSGRPVTPPR.T	inactive	inactive	activation	inactive	inactive	inactive	inactive	inactive
K.n[305.21]YC[160.03]RPESQEHPEADPGSAAPY[243.03]LK[432.30].T	inactive	activation	inactive	inactive	inactive	inactive	inactive	inactive
K.n[305.21]YSISLS[167.00]PPEQQK[432.30].K	inactive	inactive	inactive	inhibition	inactive	inactive	inactive	inactive
R.n[305.21]AADEDWDS[167.00]ELEDDLLGEDLLSGK[432.30]K[432.30].N	inactive	inactive	inhibition	inactive	inactive	inactive	inactive	inactive
R.n[305.21]AAK[432.30]LS[167.00]EGS[167.00]QPAEEEEDQETPSR.N	inactive	inactive	inactive	inactive	inactive	activation	activation	inactive
R.n[305.21]AALAPAK[432.30]ES[167.00]PRK[432.30].G	inactive	inactive	inhibition	activation	inactive	inactive	inactive	inactive
R.n[305.21]AAVVT[181.01]SPPPTTAPHK[432.30].E	inactive	inactive	inactive	inactive	inactive	activation	inactive	inactive
R.n[305.21]AGGGGGLGAGS[167.00]PALSGGQGR.R	inactive	inactive	inhibition	inactive	inactive	inactive	inactive	inactive
R.n[305.21]AGS[167.00]LK[432.30]DPEIAELFFK[432.30]EDPEK[432.30].L	inactive	inactive	inactive	activation	inactive	inactive	inactive	inactive
R.n[305.21]AGSC[160.03]C[160.03]LS[167.00]PGGR.A	inactive	inactive	activation	activation	inactive	inactive	inactive	inactive
R.n[305.21]AHT[181.01]PTPGIYMGRPTHSGGGGGGGGGGGGGGGGR.R	inactive	inactive	activation	inhibition	inactive	inactive	inactive	inactive
R.n[305.21]APS[167.00]RQDVYGPQPQVR.V	inactive	inactive	inactive	inactive	inactive	inactive	inactive	inactive
R.n[305.21]ARPATDSFDDY[243.03]PPRRGDDSFGDK[432.30].Y	inactive	inactive	activation	inactive	inactive	inactive	inactive	inactive
R.n[305.21]ASPS[167.00]PQPSSQPLQIHR.Q	inactive	inactive	inactive	inhibition	inhibition	inhibition	inactive	inactive
R.n[305.21]ASS[167.00]ASVPAVGASAEGTR.R	inactive	inactive	inactive	inhibition	inactive	inactive	inactive	inactive
R.n[305.21]AVVVS[167.00]PK[432.30]EENK[432.30].A	inactive	inactive	inhibition	inactive	inactive	inactive	inactive	inactive
R.n[305.21]AYADSY[243.03]YYEDGGMK[432.30]PR.V	inactive	activation	inactive	inactive	inactive	inactive	inactive	inactive
R.n[305.21]AYADSYY[243.03]YEDGGMK[432.30]PR.V	inactive	activation	inactive	inactive	inactive	inactive	inactive	inactive
R.n[305.21]C[160.03]RS[167.00]PGMLEPLGSSR.T	inactive	inactive	inactive	inactive	inactive	inactive	inhibition	inhibition
R.n[305.21]DC[160.03]C[160.03]VEPGTELS[167.00]PTLPHQL.-	inactive	inactive	inactive	inactive	inactive	activation	activation	activation
R.n[305.21]DGT[181.01]QC[160.03]LSGSSDGTIR.L	inactive	inhibition	inactive	inactive	inactive	inactive	inactive	inactive
R.n[305.21]DIYETDYY[243.03]RK[432.30].G	inactive	inhibition	inhibition	inactive	inactive	inactive	inactive	inactive
R.n[305.21]DLPPPPPPDRPYS[167.00]VGAESRPQR.R	inactive	activation	inhibition	inactive	inactive	inactive	inactive	inactive
R.n[305.21]DLPPPPPPDRPYSVGAES[167.00]RPQR.R	inactive	activation	inactive	inactive	inactive	inactive	inactive	inactive
R.n[305.21]DMPGGFLFEGLS[167.00]DDEDDFHPNTR.S	inactive	inactive	inactive	inactive	inactive	inactive	inactive	activation
R.n[305.21]DNEVDGQDY[243.03]HFVVSR.E	inactive	inactive	activation	activation	activation	activation	inhibition	inactive
R.n[305.21]DSSFTEVPRS[167.00]PK[432.30].H	inactive	inactive	inhibition	inactive	inactive	inactive	inactive	inactive
R.n[305.21]DVTIGGSAPIY[243.03]VK[432.30].N	inactive	inhibition	inactive	inactive	inhibition	inactive	inactive	inactive
R.n[305.21]DY[243.03]STVSASPTALSTLK[432.30].Q	inactive	activation	inactive	inactive	inactive	inactive	inactive	inactive
R.n[305.21]EAAEPLSEPK[432.30]EDQEAAELLS[167.00]EPEEESER.H	inactive	inactive	activation	inhibition	inactive	inactive	inactive	inactive
R.n[305.21]EAALPPVS[167.00]PLK[432.30].A	inactive	inactive	inactive	inactive	activation	activation	inactive	inactive
R.n[305.21]EADSSSDY[243.03]VNMDFTK[432.30].R	inactive	activation	inhibition	inactive	inactive	inactive	inactive	inactive
R.n[305.21]EADSSSDY[243.03]VNMDFTK[432.30]R.E	inactive	activation	inhibition	inactive	inactive	inactive	inactive	inactive
R.n[305.21]EATGLS[167.00]PQAAQEK[432.30].D	inactive	inactive	inhibition	inactive	inactive	inactive	inactive	inactive
R.n[305.21]EATQPEPIY[243.03]AESTK[432.30].R	inactive	inactive	inactive	inhibition	inactive	inactive	inactive	inactive
R.n[305.21]EATQPEPIY[243.03]AESTK[432.30]R.K	inactive	inactive	inhibition	inactive	inhibition	inhibition	inactive	inactive
R.n[305.21]EEAS[167.00]DDDMEGDEAVVR.C	inactive	inactive	activation	inactive	inactive	inactive	inactive	inactive
R.n[305.21]EEDEHPY[243.03]ELLLTAETK[432.30].K	inactive	activation	inactive	inactive	inactive	inactive	inactive	inactive
R.n[305.21]EEGS[167.00]DIEDEDMEELLNDTR.L	inactive	inactive	inactive	inhibition	inactive	inactive	inactive	inactive
R.n[305.21]EEPEALY[243.03]AAVNK[432.30].K	inactive	activation	inactive	inactive	inactive	inactive	inactive	inactive
R.n[305.21]EFEVY[243.03]GPIK[432.30]R.L	inactive	inhibition	inhibition	inactive	inhibition	inactive	inactive	inactive
R.n[305.21]EHALLAY[243.03]TLGVK[432.30].Q	inactive	inhibition	inhibition	inactive	inactive	inactive	inactive	inactive
R.n[305.21]ELFDDPSY[243.03]VNVQNLDK[432.30].A	inactive	activation	inactive	inactive	activation	inactive	inactive	inactive
R.n[305.21]ELVEPLT[181.01]PSGEAPNQALLR.L	inactive	inactive	inactive	inactive	activation	inactive	inactive	inactive
R.n[305.21]EPWDGRDGELPVEDDIDLS[167.00]DVELDDLGK[432.30]DEL.-	inactive	inactive	inactive	inactive	inactive	inactive	inactive	activation
R.n[305.21]EREVDEDS[167.00]EPEREVR.A	inactive	inactive	activation	inactive	inactive	inactive	inactive	inactive
R.n[305.21]ERLDGENIY[243.03]IR.H	inactive	activation	inhibition	inactive	inhibition	inactive	inactive	inactive
R.n[305.21]ERPC[160.03]SAIY[243.03]PTPVEPSQR.M	inactive	activation	inactive	inactive	inactive	inactive	inactive	inactive
R.n[305.21]ERPC[160.03]SAIYPT[181.01]PVEPSQR.M	inactive	activation	inactive	inactive	inactive	inactive	inactive	inactive
R.n[305.21]ETSAATLS[167.00]PGASSR.G	inactive	inactive	inactive	inactive	activation	inactive	inactive	inactive
R.n[305.21]EY[243.03]FTFPASK[432.30].S	inactive	activation	inhibition	inactive	inactive	inactive	inactive	inactive
R.n[305.21]FAGSGNEENRNNAY[243.03]PHK[432.30].A	inactive	inhibition	inhibition	inactive	inactive	inactive	inactive	inactive
R.n[305.21]FDQLFDDES[167.00]DPFEVLK[432.30].A	inactive	inactive	inactive	inactive	inactive	inactive	inactive	inhibition
R.n[305.21]GDQPAASGDS[167.00]DDDEPPPLPR.L	inactive	inactive	inactive	inhibition	inactive	inactive	inactive	inactive
R.n[305.21]GEPNVS[167.00]YIC[160.03]SR.Y	inactive	inhibition	inactive	inhibition	inactive	inactive	inactive	inactive
R.n[305.21]GIVVY[243.03]TGDR.T	inactive	inhibition	inactive	inactive	inhibition	inactive	inactive	inactive
R.n[305.21]GPTSTSIDNIDGT[181.01]PVRDER.S	inactive	inactive	inhibition	inactive	inactive	inhibition	inactive	inactive
R.n[305.21]GRPPAEK[432.30]LS[167.00]PNPPNLTK[432.30].K	inactive	inactive	inhibition	inactive	inactive	inactive	inactive	inactive
R.n[305.21]GRRPS[167.00]QDDVEAAPEETR.A	inactive	inactive	inactive	activation	inactive	inactive	inactive	inactive
R.n[305.21]GRS[167.00]PQPPAEEDEDDFDDTLVAIDTYNC[160.03]DLHFK[432.30].V	inactive	inactive	inhibition	inactive	inactive	inactive	inactive	inactive
R.n[305.21]GRSDY[243.03]DGIGSR.G	inactive	activation	activation	inactive	inactive	inactive	inactive	inactive
R.n[305.21]GSGGGGGPQVPHQS[167.00]PPK[432.30]R.V	inactive	inactive	activation	inhibition	inactive	inactive	inactive	inactive
R.n[305.21]GSNEY[243.03]TEGPSVVK[432.30].R	inactive	activation	inactive	activation	inactive	inactive	inactive	inactive
R.n[305.21]GY[243.03]MMMFPR.V	inactive	activation	inactive	inactive	inactive	inactive	inactive	inactive
R.n[305.21]GY[243.03]SFTTTAER.E	inactive	inactive	inactive	activation	activation	inactive	inhibition	inactive
R.n[305.21]HLLAPGPQDIY[243.03]DVPPVR.G	inactive	inactive	activation	inhibition	inactive	inactive	inactive	inactive
R.n[305.21]HTDDEMTGY[243.03]VATR.W	inactive	inactive	activation	inactive	inactive	inactive	inactive	activation
R.n[305.21]HY[243.03]GGLTGLNK[432.30].A	inactive	inhibition	inhibition	inactive	inactive	inactive	inactive	inactive
R.n[305.21]IADPEHDHTGFLT[181.01]EYVATR.W	inactive	activation	activation	activation	inactive	inactive	inactive	inactive
R.n[305.21]IADPEHDHTGFLTEY[243.03]VATR.W	inactive	activation	activation	activation	inactive	inactive	inactive	inactive
R.n[305.21]IC[160.03]SIYTQSGENSLVQEGS[167.00]EASPIGK[432.30].S	inactive	inactive	inactive	inactive	inactive	activation	inactive	inactive
R.n[305.21]IEDS[167.00]EPHIPLIDDTDAEDDAPTK[432.30]R.N	inactive	inactive	inhibition	inactive	inactive	inactive	inactive	inactive
R.n[305.21]IGELGAPEVWGLS[167.00]PK[432.30]NPEPDS[167.00]DEHT[181.01]PVEDEEPK[432.30]K[432.30].S	inactive	inactive	inhibition	inactive	inactive	inactive	inactive	inactive
R.n[305.21]IISVT[181.01]PVK[432.30].N	inactive	inactive	inhibition	inactive	inactive	inactive	inactive	inactive
R.n[305.21]ISSY[243.03]PEDNFPDEEK[432.30].A	inactive	activation	inactive	inactive	inactive	inactive	inactive	inactive
R.n[305.21]ITS[167.00]EAEDLVANFFPK[432.30].K	inactive	inactive	inactive	inactive	inactive	inactive	inactive	activation
R.n[305.21]IYQY[243.03]IQSR.F	inactive	inactive	inactive	inactive	inactive	inactive	inactive	inhibition
R.n[305.21]K[432.30]AS[167.00]GSENEGDYNPGR.K	inactive	inactive	inactive	activation	inactive	inactive	inactive	inactive
R.n[305.21]K[432.30]GAAPT[181.01]PPGK[432.30].T	inactive	inactive	inhibition	inactive	inactive	inactive	inactive	inactive
R.n[305.21]K[432.30]GS[167.00]SGNASEVSVAC[160.03]LTER.L	inactive	inactive	inactive	activation	activation	inactive	inactive	inactive
R.n[305.21]K[432.30]LDNGGY[243.03]YITTR.A	inactive	inhibition	inhibition	inactive	inactive	inactive	inactive	inactive
R.n[305.21]K[432.30]NSSTDQGS[167.00]DEEGSLQK[432.30].E	inactive	inactive	inhibition	inactive	inhibition	inhibition	inactive	inactive
R.n[305.21]K[432.30]PS[167.00]DEEFASR.K	inactive	inactive	inactive	inactive	inactive	activation	activation	inactive
R.n[305.21]K[432.30]TVTY[243.03]EDPQAVGGLASALDNRK[432.30].Q	inactive	activation	inactive	inactive	inactive	inactive	inactive	inactive
R.n[305.21]K[432.30]VELS[167.00]ES[167.00]EEDK[432.30]GGK[432.30].M	inactive	inactive	inhibition	inactive	inactive	inactive	inactive	inactive
R.n[305.21]LAGLEQAILS[167.00]PGQNSGNYFAPIPLEDHAENK[432.30]VDILEMLQK[432.30].A	inactive	inactive	inactive	inactive	activation	activation	inactive	activation
R.n[305.21]LDGLVET[181.01]PTGYIESLPR.V	inactive	inactive	inactive	inactive	inactive	inactive	inactive	inactive
R.n[305.21]LGAAPEEESAY[243.03]VAGEK[432.30].R	inactive	activation	inactive	inactive	inactive	inactive	inactive	inactive
R.n[305.21]LGEY[243.03]EDVSR.V	inactive	activation	inactive	inactive	inactive	inactive	inactive	inactive
R.n[305.21]LGLAVIHGEAQC[160.03]TELDMDDGRHS[167.00]PPMVK[432.30].N	inactive	inactive	inhibition	inactive	inactive	inactive	inactive	inactive
R.n[305.21]LLPPAS[167.00]P.-	inactive	inactive	inactive	activation	inhibition	inactive	inactive	inactive
R.n[305.21]MHLPSPTDSNFY[243.03]R.A	inactive	activation	inhibition	activation	inactive	inhibition	inactive	inactive
R.n[305.21]MNS[167.00]TGGQTPR.R	inactive	inactive	inactive	activation	inhibition	inactive	inactive	inactive
R.n[305.21]NC[160.03]PS[167.00]PVLIDC[160.03]PHPNC[160.03]NK[432.30]K[432.30].Y	inactive	inactive	inhibition	inactive	inactive	inactive	inactive	inactive
R.n[305.21]NNYALNTTATY[243.03]AEPYRPIQYR.V	inactive	inhibition	inactive	inhibition	inactive	inactive	inactive	inactive
R.n[305.21]NPGFY[243.03]VEANPMPTFK[432.30].C	inactive	activation	inactive	inactive	inactive	inactive	inactive	inactive
R.n[305.21]NSNS[167.00]PPS[167.00]PSSMNQR.R	inactive	inactive	inactive	inactive	inactive	inactive	inactive	inhibition
R.n[305.21]NSNSYGIPEPAHAY[243.03]AQPQTTTPLPAVSGSPGAAITPLPSTQNGPVFAK[432.30].A	inactive	inactive	activation	inactive	inactive	inactive	inactive	inactive
R.n[305.21]NSNSYGIPEPAHAYAQPQTTTPLPAVSGS[167.00]PGAAITPLPSTQNGPVFAK[432.30].A	inactive	inactive	activation	inactive	inactive	inactive	inactive	inactive
R.n[305.21]NSQEAEVSC[160.03]PFIDNTY[243.03]SC[160.03]SGK[432.30].L	inactive	inactive	activation	activation	activation	inhibition	inactive	inactive
R.n[305.21]NY[243.03]VTPVNR.N	inactive	activation	activation	inactive	inactive	inactive	inactive	inactive
R.n[305.21]QEEAEY[243.03]VR.A	inactive	inactive	activation	activation	inactive	inactive	inactive	inactive
R.n[305.21]QGSGVILRQEEAEY[243.03]VR.A	inactive	inactive	activation	activation	activation	inhibition	inactive	inactive
R.n[305.21]QTPSREY[243.03]VDLER.E	inactive	inactive	inactive	activation	inactive	inactive	inactive	inactive
R.n[305.21]RDNEVDGQDY[243.03]HFVVSR.E	inactive	inactive	activation	activation	activation	activation	inactive	inactive
R.n[305.21]RGFS[167.00]DSGGGPPAK[432.30].Q	inactive	inactive	inactive	activation	inactive	inactive	inactive	inactive
R.n[305.21]RPGPGTLY[243.03]DVPR.E	inactive	inhibition	inactive	inhibition	inactive	inactive	inactive	inactive
R.n[305.21]RPILQLS[167.00]PPGPR.G	inactive	inactive	inhibition	inactive	inactive	inactive	inactive	inactive
R.n[305.21]RSDS[167.00]VSASER.A	inactive	inactive	inactive	inactive	inhibition	inactive	inactive	inactive
R.n[305.21]RVSVC[160.03]AETY[243.03]NPDEEEEDTDPR.V	inactive	inactive	activation	inhibition	inactive	inactive	inactive	inactive
R.n[305.21]S[167.00]VQEGENPDDGVR.G	inactive	inactive	inactive	activation	activation	inactive	inactive	inactive
R.n[305.21]SAEEAPLY[243.03]SK[432.30].V	inactive	activation	inactive	inactive	inactive	inactive	inactive	inactive
R.n[305.21]SDS[167.00]RAQAVSEDAGGNEGR.A	inactive	inactive	inactive	inactive	inactive	inactive	inactive	inhibition
R.n[305.21]SDS[167.00]VSASER.A	inactive	inactive	inactive	activation	inhibition	inactive	inactive	inactive
R.n[305.21]SDY[243.03]DGIGSR.G	inactive	activation	inactive	inactive	inactive	inactive	inactive	inactive
R.n[305.21]SGRDY[243.03]STVSASPTALSTLK[432.30].Q	inactive	activation	inactive	activation	inactive	inactive	inactive	inactive
R.n[305.21]SGRDYS[167.00]TVSASPTALSTLK[432.30].Q	inactive	activation	inactive	activation	inactive	inactive	inactive	inactive
R.n[305.21]SHILEDDENS[167.00]VDISMLK[432.30].T	inactive	inactive	inactive	inactive	inactive	inhibition	inactive	inactive
R.n[305.21]SK[432.30]PPYTDY[243.03]VSTR.W	inactive	inhibition	inhibition	inactive	inactive	inactive	inactive	inactive
R.n[305.21]SLSGSS[167.00]PC[160.03]PK[432.30].Q	inactive	inactive	inactive	inhibition	inhibition	inhibition	inactive	inactive
R.n[305.21]SPS[167.00]DSSTASTPVAEQIER.A	inactive	inactive	inactive	inactive	inactive	inactive	activation	activation
R.n[305.21]SQEPS[167.00]PVGSR.R	inactive	inactive	inactive	inactive	inactive	inactive	inactive	inhibition
R.n[305.21]SRDPHY[243.03]DDFR.S	inactive	activation	inactive	inhibition	inactive	inactive	inactive	inactive
R.n[305.21]SSPLGQNDNSEY[243.03]VPMLPGK[432.30].F	inactive	activation	inhibition	inactive	inactive	inactive	inactive	inactive
R.n[305.21]SSS[167.00]TSDILEPFTVER.A	inactive	inhibition	inactive	inactive	inactive	inactive	inactive	inactive
R.n[305.21]SVLEDFFTAT[181.01]EGQYQPQP.-	inactive	inactive	inactive	inactive	inhibition	inactive	inactive	inactive
R.n[305.21]SVLPPDGNGS[167.00]PVLPDK[432.30]R.N	inactive	inactive	inactive	inactive	inactive	inactive	inactive	activation
R.n[305.21]TADSVFC[160.03]PHY[243.03]EK[432.30].V	inactive	inactive	inhibition	inhibition	inactive	inactive	inactive	inactive
R.n[305.21]TFS[167.00]LTEVR.G	inactive	inactive	inactive	inactive	inactive	activation	inactive	inactive
R.n[305.21]TGDLGIPPNPEDRS[167.00]PS[167.00]PEPIYNSEGK[432.30]R.L	inactive	inactive	inhibition	inactive	inactive	inactive	inactive	inactive
R.n[305.21]TLEPVRPPVVPNDY[243.03]VPSPTR.N	inactive	activation	inactive	inhibition	inactive	inactive	inactive	inactive
R.n[305.21]TLIPS[167.00]PPPRPK[432.30].N	inactive	inactive	inhibition	inactive	inactive	inactive	inactive	inactive
R.n[305.21]TQSRPGGPPNPPGPS[167.00]PK[432.30].A	inactive	inactive	inactive	inactive	inactive	inactive	inactive	inhibition
R.n[305.21]TS[167.00]DSDQQAYLVQR.G	inactive	inactive	inactive	inactive	activation	activation	inactive	inactive
R.n[305.21]TS[167.00]PTPPESATTVK[432.30].S	inactive	inactive	inhibition	inhibition	inactive	inactive	inactive	inactive
R.n[305.21]TSQDY[243.03]DQLPSC[160.03]SDGSQAPARPPK[432.30]PRPR.R	inactive	activation	inactive	inactive	inactive	inactive	inactive	inactive
R.n[305.21]TVSLGAGAK[432.30]DELHIVEAEAMNYEGS[167.00]PIK[432.30].V	inactive	inactive	inhibition	activation	inactive	inactive	inactive	inactive
R.n[305.21]VADPDHDHTGFLTEY[243.03]VATR.W	inactive	activation	activation	inactive	inactive	inactive	inactive	inactive
R.n[305.21]VDY[243.03]VVVDQQK[432.30].T	inactive	activation	inactive	inactive	inactive	inactive	inactive	inactive
R.n[305.21]VGEEEHVY[243.03]SFPNK[432.30].Q	inactive	inhibition	inhibition	inactive	inhibition	inactive	inactive	inactive
R.n[305.21]VGMADANS[167.00]PPK[432.30]PLSK[432.30]PR.T	inactive	inactive	inhibition	inactive	inactive	inactive	inactive	inactive
R.n[305.21]VIEDDPEAVY[243.03]TTTGGK[432.30].L	inactive	inhibition	inhibition	inactive	inactive	inactive	inactive	inactive
R.n[305.21]VLEDDPEAAY[243.03]TTR.G	inactive	inhibition	inactive	inactive	inactive	inactive	inactive	inactive
R.n[305.21]VLSTST[181.01]DLEAAVADALK[432.30].K	inactive	inactive	inhibition	inactive	inactive	inactive	inactive	inactive
R.n[305.21]VNLEESSGVENS[167.00]PAGARPK[432.30].R	inactive	inactive	inhibition	inactive	inactive	inactive	inactive	inactive
R.n[305.21]VSDQNS[167.00]PVLPK[432.30].K	inactive	inactive	inactive	inactive	inactive	inactive	inactive	inactive
R.n[305.21]VTPPEGY[243.03]EVVTVFPK[432.30].-	inactive	activation	inactive	inactive	inactive	inactive	inactive	inactive
R.n[305.21]VY[243.03]ENVGLMQQQK[432.30].S	inactive	activation	inactive	inactive	inactive	inactive	inactive	inactive
R.n[305.21]Y[243.03]MEDSTYYK[432.30].A	inactive	inactive	inhibition	inactive	inactive	inactive	inactive	inactive
R.n[305.21]Y[243.03]QQPFEDFR.L	inactive	activation	inactive	inactive	inactive	inactive	inactive	inactive
R.n[305.21]Y[243.03]SSDPTGALTEDSIDDTFLPVPEYINQSVPK[432.30].R	inactive	activation	inactive	inactive	inactive	inactive	inactive	inactive
R.n[305.21]YLNRNY[243.03]WEK[432.30].K	inactive	inactive	inactive	activation	inactive	inactive	inactive	inactive